Time		Agenda	First nigths		Second nigths		Third nigths		our operation 
from	to		speakers	topic	speakers	topic	speakers	topic	
21:00	21:30	Executive Coffee & Welcoming.	Executive Coffee & Welcoming.						
21:30	22:00	First  Activity	The "Expert Match" (coloring code)						the notes 
22:00	22:15	 First talk 	Ahmed bayoumi	Strategic Visionary: Focuses on long-term business planning for 2026.	Hala Abdallah	Financial Consultant: Expert in cash flow management and inflation-proofing businesses.	 startup gate 	Angel Investor: Discusses what makes a business "investable" and sustainable.	
22:15	22:30	Second talk	Dr.Hesham El araky	Brand Architect: Specialist in Personal Branding and corporate reputation	kareem turky	Operations Expert: Specialist in systems, AI, and scaling efficiently.	Nadeem Barakat 	Partnership Expert: Specialist in high-level networking and strategic alliances.	
22:30	23:00	Second Activity	 networking 						
23:00	23:15	Third talk 	Ebrahem Anwar 	Purpose Coach: Expert in aligning career goals with life values.	 mohamed shafi	Executive Psychologist: Focuses on mental resilience and preventing burnout.	Eng. Salah Khalil 	Growth Framework"	
23:15	23:30	Fourth talk	Heba abdelrazek	Spiritual Guide: Discusses the "Philosophy of Intention" in leadership		Resilience Mentor: An entrepreneur who successfully navigated a major business crisis.	 Amer 	Sustainability/CSR Expert: Focuses on building businesses that give back to the community	
		sub  Activity	   The Mastermind Roundtables notes collection ,  break						
23:30	00:30	pannel  (The Business Clinic)	(The Business Clinic)			From Manual to Magical: AI in Operation.		Legacy Builder: A prominent public figure or veteran entrepreneur discussing "Building to Last."	
00:30	01:30	learning cricles 	The Integrity Compass	 neworking 	The 1-on-1 "Speed Consults	 neworking 	"Impact Auction	 neworking 	
01:30	02:30	Suhoor	Suhoor						